campaign_id,date,actual,predicted,p10,p90,residual,rmse
google_18253990962,2024-05-02,1535.72,2307.4,1769.52,2367.47,-771.69,1665.36
google_18253990962,2024-05-03,1691.62,2121.05,1583.84,2180.0,-429.43,1665.36
google_18253990962,2024-05-04,2727.09,2285.41,1745.99,2342.97,441.68,1665.36
google_18253990962,2024-05-05,1275.54,2653.72,2115.9,2711.99,-1378.18,1665.36
google_18253990962,2024-05-06,1314.58,3014.85,2458.74,3075.92,-1700.26,1665.36
google_18253990962,2024-05-07,3308.88,2077.68,1519.8,2132.52,1231.2,1665.36
google_18253990962,2024-05-08,1094.92,2754.56,2211.75,2817.78,-1659.64,1665.36
google_18253990962,2024-05-09,703.46,2307.4,1769.52,2367.47,-1603.94,1665.36
google_18253990962,2024-05-10,456.04,2121.05,1583.84,2180.0,-1665.0,1665.36
google_18253990962,2024-05-11,1136.22,2285.41,1745.99,2342.97,-1149.19,1665.36
google_18253990962,2024-05-12,204.21,2653.72,2115.9,2711.99,-2449.51,1665.36
google_18253990962,2024-05-13,557.2,3014.85,2458.74,3075.92,-2457.65,1665.36
google_18253990962,2024-05-14,668.35,2077.68,1519.8,2132.52,-1409.33,1665.36
google_18253990962,2024-05-15,1265.25,2754.56,2211.75,2817.78,-1489.31,1665.36
google_18253990962,2024-05-16,2238.92,2307.4,1769.52,2367.47,-68.48,1665.36
google_18253990962,2024-05-17,640.5,2121.05,1583.84,2180.0,-1480.55,1665.36
google_18253990962,2024-05-18,1177.26,2285.41,1745.99,2342.97,-1108.15,1665.36
google_18253990962,2024-05-19,1039.8,2653.72,2115.9,2711.99,-1613.92,1665.36
google_18253990962,2024-05-20,1461.78,3014.85,2458.74,3075.92,-1553.07,1665.36
google_18253990962,2024-05-21,274.63,2077.68,1519.8,2132.52,-1803.05,1665.36
google_18253990962,2024-05-22,42.93,2754.56,2211.75,2817.78,-2711.63,1665.36
google_18253990962,2024-05-23,0.0,2307.4,1769.52,2367.47,-2307.4,1665.36
google_18253990962,2024-05-24,0.0,2121.05,1583.84,2180.0,-2121.05,1665.36
google_18253990962,2024-05-25,0.07,2285.41,1745.99,2342.97,-2285.34,1665.36
google_18253990962,2024-05-26,10.09,2653.72,2115.9,2711.99,-2643.63,1665.36
google_18253990962,2024-05-27,85.21,3014.85,2458.74,3075.92,-2929.64,1665.36
google_18253990962,2024-05-28,0.05,2077.68,1519.8,2132.52,-2077.63,1665.36
google_18253990962,2024-05-29,85.19,2754.56,2211.75,2817.78,-2669.37,1665.36
google_18253990962,2024-05-30,0.0,2307.4,1769.52,2367.47,-2307.4,1665.36
google_18253990962,2024-05-31,177.08,2121.05,1583.84,2180.0,-1943.97,1665.36
google_18253990962,2024-05-02,1535.72,2307.4,1769.52,2367.47,-771.69,1665.36
google_18253990962,2024-05-03,1691.62,2121.05,1583.84,2180.0,-429.43,1665.36
google_18253990962,2024-05-04,2727.09,2285.41,1745.99,2342.97,441.68,1665.36
google_18253990962,2024-05-05,1275.54,2653.72,2115.9,2711.99,-1378.18,1665.36
google_18253990962,2024-05-06,1314.58,3014.85,2458.74,3075.92,-1700.26,1665.36
google_18253990962,2024-05-07,3308.88,2077.68,1519.8,2132.52,1231.2,1665.36
google_18253990962,2024-05-08,1094.92,2754.56,2211.75,2817.78,-1659.64,1665.36
google_18253990962,2024-05-09,703.46,2307.4,1769.52,2367.47,-1603.94,1665.36
google_18253990962,2024-05-10,456.04,2121.05,1583.84,2180.0,-1665.0,1665.36
google_18253990962,2024-05-11,1136.22,2285.41,1745.99,2342.97,-1149.19,1665.36
google_18253990962,2024-05-12,204.21,2653.72,2115.9,2711.99,-2449.51,1665.36
google_18253990962,2024-05-13,557.2,3014.85,2458.74,3075.92,-2457.65,1665.36
google_18253990962,2024-05-14,668.35,2077.68,1519.8,2132.52,-1409.33,1665.36
google_18253990962,2024-05-15,1265.25,2754.56,2211.75,2817.78,-1489.31,1665.36
google_18253990962,2024-05-16,2238.92,2307.4,1769.52,2367.47,-68.48,1665.36
google_18253990962,2024-05-17,640.5,2121.05,1583.84,2180.0,-1480.55,1665.36
google_18253990962,2024-05-18,1177.26,2285.41,1745.99,2342.97,-1108.15,1665.36
google_18253990962,2024-05-19,1039.8,2653.72,2115.9,2711.99,-1613.92,1665.36
google_18253990962,2024-05-20,1461.78,3014.85,2458.74,3075.92,-1553.07,1665.36
google_18253990962,2024-05-21,274.63,2077.68,1519.8,2132.52,-1803.05,1665.36
google_18253990962,2024-05-22,42.93,2754.56,2211.75,2817.78,-2711.63,1665.36
google_18253990962,2024-05-23,0.0,2307.4,1769.52,2367.47,-2307.4,1665.36
google_18253990962,2024-05-24,0.0,2121.05,1583.84,2180.0,-2121.05,1665.36
google_18253990962,2024-05-25,0.07,2285.41,1745.99,2342.97,-2285.34,1665.36
google_18253990962,2024-05-26,10.09,2653.72,2115.9,2711.99,-2643.63,1665.36
google_18253990962,2024-05-27,85.21,3014.85,2458.74,3075.92,-2929.64,1665.36
google_18253990962,2024-05-28,0.05,2077.68,1519.8,2132.52,-2077.63,1665.36
google_18253990962,2024-05-29,85.19,2754.56,2211.75,2817.78,-2669.37,1665.36
google_18253990962,2024-05-30,0.0,2307.4,1769.52,2367.47,-2307.4,1665.36
google_18253990962,2024-05-31,177.08,2121.05,1583.84,2180.0,-1943.97,1665.36
google_18253990962,2024-05-02,1535.72,2307.4,1769.52,2367.47,-771.69,1665.36
google_18253990962,2024-05-03,1691.62,2121.05,1583.84,2180.0,-429.43,1665.36
google_18253990962,2024-05-04,2727.09,2285.41,1745.99,2342.97,441.68,1665.36
google_18253990962,2024-05-05,1275.54,2653.72,2115.9,2711.99,-1378.18,1665.36
google_18253990962,2024-05-06,1314.58,3014.85,2458.74,3075.92,-1700.26,1665.36
google_18253990962,2024-05-07,3308.88,2077.68,1519.8,2132.52,1231.2,1665.36
google_18253990962,2024-05-08,1094.92,2754.56,2211.75,2817.78,-1659.64,1665.36
google_18253990962,2024-05-09,703.46,2307.4,1769.52,2367.47,-1603.94,1665.36
google_18253990962,2024-05-10,456.04,2121.05,1583.84,2180.0,-1665.0,1665.36
google_18253990962,2024-05-11,1136.22,2285.41,1745.99,2342.97,-1149.19,1665.36
google_18253990962,2024-05-12,204.21,2653.72,2115.9,2711.99,-2449.51,1665.36
google_18253990962,2024-05-13,557.2,3014.85,2458.74,3075.92,-2457.65,1665.36
google_18253990962,2024-05-14,668.35,2077.68,1519.8,2132.52,-1409.33,1665.36
google_18253990962,2024-05-15,1265.25,2754.56,2211.75,2817.78,-1489.31,1665.36
google_18253990962,2024-05-16,2238.92,2307.4,1769.52,2367.47,-68.48,1665.36
google_18253990962,2024-05-17,640.5,2121.05,1583.84,2180.0,-1480.55,1665.36
google_18253990962,2024-05-18,1177.26,2285.41,1745.99,2342.97,-1108.15,1665.36
google_18253990962,2024-05-19,1039.8,2653.72,2115.9,2711.99,-1613.92,1665.36
google_18253990962,2024-05-20,1461.78,3014.85,2458.74,3075.92,-1553.07,1665.36
google_18253990962,2024-05-21,274.63,2077.68,1519.8,2132.52,-1803.05,1665.36
google_18253990962,2024-05-22,42.93,2754.56,2211.75,2817.78,-2711.63,1665.36
google_18253990962,2024-05-23,0.0,2307.4,1769.52,2367.47,-2307.4,1665.36
google_18253990962,2024-05-24,0.0,2121.05,1583.84,2180.0,-2121.05,1665.36
google_18253990962,2024-05-25,0.07,2285.41,1745.99,2342.97,-2285.34,1665.36
google_18253990962,2024-05-26,10.09,2653.72,2115.9,2711.99,-2643.63,1665.36
google_18253990962,2024-05-27,85.21,3014.85,2458.74,3075.92,-2929.64,1665.36
google_18253990962,2024-05-28,0.05,2077.68,1519.8,2132.52,-2077.63,1665.36
google_18253990962,2024-05-29,85.19,2754.56,2211.75,2817.78,-2669.37,1665.36
google_18253990962,2024-05-30,0.0,2307.4,1769.52,2367.47,-2307.4,1665.36
google_18253990962,2024-05-31,177.08,2121.05,1583.84,2180.0,-1943.97,1665.36
google_18253990962,2024-07-01,1655.64,515.16,440.21,583.54,1140.49,1665.36
google_18253990962,2024-07-02,193.17,716.41,641.02,783.62,-523.24,1665.36
google_18253990962,2024-07-03,1724.75,743.38,667.81,811.32,981.37,1665.36
google_18253990962,2024-07-04,1409.0,920.65,843.65,987.91,488.35,1665.36
google_18253990962,2024-07-05,4714.01,401.77,324.88,469.57,4312.24,1665.36
google_18253990962,2024-07-06,1815.8,536.14,425.24,576.62,1279.66,1665.36
google_18253990962,2024-07-07,5009.52,806.17,697.97,846.55,4203.35,1665.36
google_18253990962,2024-07-08,2565.41,515.16,440.21,583.54,2050.25,1665.36
google_18253990962,2024-07-09,1531.05,716.41,641.02,783.62,814.64,1665.36
google_18253990962,2024-07-10,1066.13,743.38,667.81,811.32,322.75,1665.36
google_18253990962,2024-07-11,2726.06,920.65,843.65,987.91,1805.4,1665.36
google_18253990962,2024-07-12,1085.19,401.77,324.88,469.57,683.42,1665.36
google_18253990962,2024-07-13,2060.52,536.14,425.24,576.62,1524.37,1665.36
google_18253990962,2024-07-14,1016.04,806.17,697.97,846.55,209.87,1665.36
google_18253990962,2024-07-15,1242.42,515.16,440.21,583.54,727.27,1665.36
google_18253990962,2024-07-16,527.4,716.41,641.02,783.62,-189.01,1665.36
google_18253990962,2024-07-17,327.0,743.38,667.81,811.32,-416.38,1665.36
google_18253990962,2024-07-18,1135.34,920.65,843.65,987.91,214.69,1665.36
google_18253990962,2024-07-19,717.87,401.77,324.88,469.57,316.1,1665.36
google_18253990962,2024-07-20,1976.47,536.14,425.24,576.62,1440.32,1665.36
google_18253990962,2024-07-21,1276.06,806.17,697.97,846.55,469.89,1665.36
google_18253990962,2024-07-22,953.53,515.16,440.21,583.54,438.38,1665.36
google_18253990962,2024-07-23,3915.94,716.41,641.02,783.62,3199.53,1665.36
google_18253990962,2024-07-24,1429.0,743.38,667.81,811.32,685.62,1665.36
google_18253990962,2024-07-25,1317.97,920.65,843.65,987.91,397.32,1665.36
google_18253990962,2024-07-26,3085.67,401.77,324.88,469.57,2683.9,1665.36
google_18253990962,2024-07-27,2352.84,536.14,425.24,576.62,1816.69,1665.36
google_18253990962,2024-07-28,2399.1,806.17,697.97,846.55,1592.93,1665.36
google_18253990962,2024-07-29,4253.86,515.16,440.21,583.54,3738.71,1665.36
google_18253990962,2024-07-30,2817.47,716.41,641.02,783.62,2101.06,1665.36
google_18253990962,2024-07-01,1655.64,515.16,440.21,583.54,1140.49,1665.36
google_18253990962,2024-07-02,193.17,716.41,641.02,783.62,-523.24,1665.36
google_18253990962,2024-07-03,1724.75,743.38,667.81,811.32,981.37,1665.36
google_18253990962,2024-07-04,1409.0,920.65,843.65,987.91,488.35,1665.36
google_18253990962,2024-07-05,4714.01,401.77,324.88,469.57,4312.24,1665.36
google_18253990962,2024-07-06,1815.8,536.14,425.24,576.62,1279.66,1665.36
google_18253990962,2024-07-07,5009.52,806.17,697.97,846.55,4203.35,1665.36
google_18253990962,2024-07-08,2565.41,515.16,440.21,583.54,2050.25,1665.36
google_18253990962,2024-07-09,1531.05,716.41,641.02,783.62,814.64,1665.36
google_18253990962,2024-07-10,1066.13,743.38,667.81,811.32,322.75,1665.36
google_18253990962,2024-07-11,2726.06,920.65,843.65,987.91,1805.4,1665.36
google_18253990962,2024-07-12,1085.19,401.77,324.88,469.57,683.42,1665.36
google_18253990962,2024-07-13,2060.52,536.14,425.24,576.62,1524.37,1665.36
google_18253990962,2024-07-14,1016.04,806.17,697.97,846.55,209.87,1665.36
google_18253990962,2024-07-15,1242.42,515.16,440.21,583.54,727.27,1665.36
google_18253990962,2024-07-16,527.4,716.41,641.02,783.62,-189.01,1665.36
google_18253990962,2024-07-17,327.0,743.38,667.81,811.32,-416.38,1665.36
google_18253990962,2024-07-18,1135.34,920.65,843.65,987.91,214.69,1665.36
google_18253990962,2024-07-19,717.87,401.77,324.88,469.57,316.1,1665.36
google_18253990962,2024-07-20,1976.47,536.14,425.24,576.62,1440.32,1665.36
google_18253990962,2024-07-21,1276.06,806.17,697.97,846.55,469.89,1665.36
google_18253990962,2024-07-22,953.53,515.16,440.21,583.54,438.38,1665.36
google_18253990962,2024-07-23,3915.94,716.41,641.02,783.62,3199.53,1665.36
google_18253990962,2024-07-24,1429.0,743.38,667.81,811.32,685.62,1665.36
google_18253990962,2024-07-25,1317.97,920.65,843.65,987.91,397.32,1665.36
google_18253990962,2024-07-26,3085.67,401.77,324.88,469.57,2683.9,1665.36
google_18253990962,2024-07-27,2352.84,536.14,425.24,576.62,1816.69,1665.36
google_18253990962,2024-07-28,2399.1,806.17,697.97,846.55,1592.93,1665.36
google_18253990962,2024-07-29,4253.86,515.16,440.21,583.54,3738.71,1665.36
google_18253990962,2024-07-30,2817.47,716.41,641.02,783.62,2101.06,1665.36
google_18253990962,2024-07-01,1655.64,515.16,440.21,583.54,1140.49,1665.36
google_18253990962,2024-07-02,193.17,716.41,641.02,783.62,-523.24,1665.36
google_18253990962,2024-07-03,1724.75,743.38,667.81,811.32,981.37,1665.36
google_18253990962,2024-07-04,1409.0,920.65,843.65,987.91,488.35,1665.36
google_18253990962,2024-07-05,4714.01,401.77,324.88,469.57,4312.24,1665.36
google_18253990962,2024-07-06,1815.8,536.14,425.24,576.62,1279.66,1665.36
google_18253990962,2024-07-07,5009.52,806.17,697.97,846.55,4203.35,1665.36
google_18253990962,2024-07-08,2565.41,515.16,440.21,583.54,2050.25,1665.36
google_18253990962,2024-07-09,1531.05,716.41,641.02,783.62,814.64,1665.36
google_18253990962,2024-07-10,1066.13,743.38,667.81,811.32,322.75,1665.36
google_18253990962,2024-07-11,2726.06,920.65,843.65,987.91,1805.4,1665.36
google_18253990962,2024-07-12,1085.19,401.77,324.88,469.57,683.42,1665.36
google_18253990962,2024-07-13,2060.52,536.14,425.24,576.62,1524.37,1665.36
google_18253990962,2024-07-14,1016.04,806.17,697.97,846.55,209.87,1665.36
google_18253990962,2024-07-15,1242.42,515.16,440.21,583.54,727.27,1665.36
google_18253990962,2024-07-16,527.4,716.41,641.02,783.62,-189.01,1665.36
google_18253990962,2024-07-17,327.0,743.38,667.81,811.32,-416.38,1665.36
google_18253990962,2024-07-18,1135.34,920.65,843.65,987.91,214.69,1665.36
google_18253990962,2024-07-19,717.87,401.77,324.88,469.57,316.1,1665.36
google_18253990962,2024-07-20,1976.47,536.14,425.24,576.62,1440.32,1665.36
google_18253990962,2024-07-21,1276.06,806.17,697.97,846.55,469.89,1665.36
google_18253990962,2024-07-22,953.53,515.16,440.21,583.54,438.38,1665.36
google_18253990962,2024-07-23,3915.94,716.41,641.02,783.62,3199.53,1665.36
google_18253990962,2024-07-24,1429.0,743.38,667.81,811.32,685.62,1665.36
google_18253990962,2024-07-25,1317.97,920.65,843.65,987.91,397.32,1665.36
google_18253990962,2024-07-26,3085.67,401.77,324.88,469.57,2683.9,1665.36
google_18253990962,2024-07-27,2352.84,536.14,425.24,576.62,1816.69,1665.36
google_18253990962,2024-07-28,2399.1,806.17,697.97,846.55,1592.93,1665.36
google_18253990962,2024-07-29,4253.86,515.16,440.21,583.54,3738.71,1665.36
google_18253990962,2024-07-30,2817.47,716.41,641.02,783.62,2101.06,1665.36
google_18253990962,2024-08-30,2039.47,2017.11,965.02,2347.87,22.36,1665.36
google_18253990962,2024-08-31,2186.8,3057.8,2082.13,3481.65,-871.0,1665.36
google_18253990962,2024-09-01,2137.13,2151.33,1178.3,2574.36,-14.2,1665.36
google_18253990962,2024-09-02,2860.19,2460.53,1414.96,2783.07,399.66,1665.36
google_18253990962,2024-09-03,3140.29,2898.7,1851.36,3220.1,241.6,1665.36
google_18253990962,2024-09-04,2958.48,2668.34,1623.58,2990.52,290.14,1665.36
google_18253990962,2024-09-05,2284.07,3943.29,2881.83,4263.94,-1659.22,1665.36
google_18253990962,2024-09-06,2852.95,2017.11,965.02,2347.87,835.84,1665.36
google_18253990962,2024-09-07,948.28,3057.8,2082.13,3481.65,-2109.52,1665.36
google_18253990962,2024-09-08,1485.3,2151.33,1178.3,2574.36,-666.04,1665.36
google_18253990962,2024-09-09,1631.01,2460.53,1414.96,2783.07,-829.52,1665.36
google_18253990962,2024-09-10,825.95,2898.7,1851.36,3220.1,-2072.75,1665.36
google_18253990962,2024-09-11,2703.98,2668.34,1623.58,2990.52,35.64,1665.36
google_18253990962,2024-09-12,3371.42,3943.29,2881.83,4263.94,-571.88,1665.36
google_18253990962,2024-09-13,4277.64,2017.11,965.02,2347.87,2260.53,1665.36
google_18253990962,2024-09-14,1052.16,3057.8,2082.13,3481.65,-2005.64,1665.36
google_18253990962,2024-09-15,2600.31,2151.33,1178.3,2574.36,448.97,1665.36
google_18253990962,2024-09-16,2277.43,2460.53,1414.96,2783.07,-183.1,1665.36
google_18253990962,2024-09-17,1562.63,2898.7,1851.36,3220.1,-1336.06,1665.36
google_18253990962,2024-09-18,955.45,2668.34,1623.58,2990.52,-1712.89,1665.36
google_18253990962,2024-09-19,2551.46,3943.29,2881.83,4263.94,-1391.83,1665.36
google_18253990962,2024-09-20,907.07,2017.11,965.02,2347.87,-1110.04,1665.36
google_18253990962,2024-09-21,451.8,3057.8,2082.13,3481.65,-2606.01,1665.36
google_18253990962,2024-09-22,1459.58,2151.33,1178.3,2574.36,-691.75,1665.36
google_18253990962,2024-09-23,1168.13,2460.53,1414.96,2783.07,-1292.4,1665.36
google_18253990962,2024-09-24,2736.34,2898.7,1851.36,3220.1,-162.35,1665.36
google_18253990962,2024-09-25,1097.43,2668.34,1623.58,2990.52,-1570.91,1665.36
google_18253990962,2024-09-26,1976.13,3943.29,2881.83,4263.94,-1967.16,1665.36
google_18253990962,2024-09-27,2014.42,2017.11,965.02,2347.87,-2.69,1665.36
google_18253990962,2024-09-28,1730.08,3057.8,2082.13,3481.65,-1327.72,1665.36
google_18253990962,2024-08-30,2039.47,2017.11,965.02,2347.87,22.36,1665.36
google_18253990962,2024-08-31,2186.8,3057.8,2082.13,3481.65,-871.0,1665.36
google_18253990962,2024-09-01,2137.13,2151.33,1178.3,2574.36,-14.2,1665.36
google_18253990962,2024-09-02,2860.19,2460.53,1414.96,2783.07,399.66,1665.36
google_18253990962,2024-09-03,3140.29,2898.7,1851.36,3220.1,241.6,1665.36
google_18253990962,2024-09-04,2958.48,2668.34,1623.58,2990.52,290.14,1665.36
google_18253990962,2024-09-05,2284.07,3943.29,2881.83,4263.94,-1659.22,1665.36
google_18253990962,2024-09-06,2852.95,2017.11,965.02,2347.87,835.84,1665.36
google_18253990962,2024-09-07,948.28,3057.8,2082.13,3481.65,-2109.52,1665.36
google_18253990962,2024-09-08,1485.3,2151.33,1178.3,2574.36,-666.04,1665.36
google_18253990962,2024-09-09,1631.01,2460.53,1414.96,2783.07,-829.52,1665.36
google_18253990962,2024-09-10,825.95,2898.7,1851.36,3220.1,-2072.75,1665.36
google_18253990962,2024-09-11,2703.98,2668.34,1623.58,2990.52,35.64,1665.36
google_18253990962,2024-09-12,3371.42,3943.29,2881.83,4263.94,-571.88,1665.36
google_18253990962,2024-09-13,4277.64,2017.11,965.02,2347.87,2260.53,1665.36
google_18253990962,2024-09-14,1052.16,3057.8,2082.13,3481.65,-2005.64,1665.36
google_18253990962,2024-09-15,2600.31,2151.33,1178.3,2574.36,448.97,1665.36
google_18253990962,2024-09-16,2277.43,2460.53,1414.96,2783.07,-183.1,1665.36
google_18253990962,2024-09-17,1562.63,2898.7,1851.36,3220.1,-1336.06,1665.36
google_18253990962,2024-09-18,955.45,2668.34,1623.58,2990.52,-1712.89,1665.36
google_18253990962,2024-09-19,2551.46,3943.29,2881.83,4263.94,-1391.83,1665.36
google_18253990962,2024-09-20,907.07,2017.11,965.02,2347.87,-1110.04,1665.36
google_18253990962,2024-09-21,451.8,3057.8,2082.13,3481.65,-2606.01,1665.36
google_18253990962,2024-09-22,1459.58,2151.33,1178.3,2574.36,-691.75,1665.36
google_18253990962,2024-09-23,1168.13,2460.53,1414.96,2783.07,-1292.4,1665.36
google_18253990962,2024-09-24,2736.34,2898.7,1851.36,3220.1,-162.35,1665.36
google_18253990962,2024-09-25,1097.43,2668.34,1623.58,2990.52,-1570.91,1665.36
google_18253990962,2024-09-26,1976.13,3943.29,2881.83,4263.94,-1967.16,1665.36
google_18253990962,2024-09-27,2014.42,2017.11,965.02,2347.87,-2.69,1665.36
google_18253990962,2024-09-28,1730.08,3057.8,2082.13,3481.65,-1327.72,1665.36
google_18253990962,2024-08-30,2039.47,2017.11,965.02,2347.87,22.36,1665.36
google_18253990962,2024-08-31,2186.8,3057.8,2082.13,3481.65,-871.0,1665.36
google_18253990962,2024-09-01,2137.13,2151.33,1178.3,2574.36,-14.2,1665.36
google_18253990962,2024-09-02,2860.19,2460.53,1414.96,2783.07,399.66,1665.36
google_18253990962,2024-09-03,3140.29,2898.7,1851.36,3220.1,241.6,1665.36
google_18253990962,2024-09-04,2958.48,2668.34,1623.58,2990.52,290.14,1665.36
google_18253990962,2024-09-05,2284.07,3943.29,2881.83,4263.94,-1659.22,1665.36
google_18253990962,2024-09-06,2852.95,2017.11,965.02,2347.87,835.84,1665.36
google_18253990962,2024-09-07,948.28,3057.8,2082.13,3481.65,-2109.52,1665.36
google_18253990962,2024-09-08,1485.3,2151.33,1178.3,2574.36,-666.04,1665.36
google_18253990962,2024-09-09,1631.01,2460.53,1414.96,2783.07,-829.52,1665.36
google_18253990962,2024-09-10,825.95,2898.7,1851.36,3220.1,-2072.75,1665.36
google_18253990962,2024-09-11,2703.98,2668.34,1623.58,2990.52,35.64,1665.36
google_18253990962,2024-09-12,3371.42,3943.29,2881.83,4263.94,-571.88,1665.36
google_18253990962,2024-09-13,4277.64,2017.11,965.02,2347.87,2260.53,1665.36
google_18253990962,2024-09-14,1052.16,3057.8,2082.13,3481.65,-2005.64,1665.36
google_18253990962,2024-09-15,2600.31,2151.33,1178.3,2574.36,448.97,1665.36
google_18253990962,2024-09-16,2277.43,2460.53,1414.96,2783.07,-183.1,1665.36
google_18253990962,2024-09-17,1562.63,2898.7,1851.36,3220.1,-1336.06,1665.36
google_18253990962,2024-09-18,955.45,2668.34,1623.58,2990.52,-1712.89,1665.36
google_18253990962,2024-09-19,2551.46,3943.29,2881.83,4263.94,-1391.83,1665.36
google_18253990962,2024-09-20,907.07,2017.11,965.02,2347.87,-1110.04,1665.36
google_18253990962,2024-09-21,451.8,3057.8,2082.13,3481.65,-2606.01,1665.36
google_18253990962,2024-09-22,1459.58,2151.33,1178.3,2574.36,-691.75,1665.36
google_18253990962,2024-09-23,1168.13,2460.53,1414.96,2783.07,-1292.4,1665.36
google_18253990962,2024-09-24,2736.34,2898.7,1851.36,3220.1,-162.35,1665.36
google_18253990962,2024-09-25,1097.43,2668.34,1623.58,2990.52,-1570.91,1665.36
google_18253990962,2024-09-26,1976.13,3943.29,2881.83,4263.94,-1967.16,1665.36
google_18253990962,2024-09-27,2014.42,2017.11,965.02,2347.87,-2.69,1665.36
google_18253990962,2024-09-28,1730.08,3057.8,2082.13,3481.65,-1327.72,1665.36
google_21259674897,2024-07-01,59.84,33.33,33.17,40.0,26.52,1292.3
google_21259674897,2024-07-02,243.78,-0.02,-0.21,6.87,243.8,1292.3
google_21259674897,2024-07-03,68.69,87.17,86.98,94.09,-18.48,1292.3
google_21259674897,2024-07-04,1.03,-0.01,-0.14,6.25,1.04,1292.3
google_21259674897,2024-07-05,283.09,119.69,119.57,125.95,163.4,1292.3
google_21259674897,2024-07-06,88.69,100.34,100.23,107.16,-11.65,1292.3
google_21259674897,2024-07-07,152.0,-0.0,-0.15,6.88,152.0,1292.3
google_21259674897,2024-07-08,7030.88,33.33,33.17,40.0,6997.55,1292.3
google_21259674897,2024-07-09,553.47,-0.02,-0.21,6.87,553.49,1292.3
google_21259674897,2024-07-10,118.0,87.17,86.98,94.09,30.83,1292.3
google_21259674897,2024-07-11,268.69,-0.01,-0.14,6.25,268.7,1292.3
google_21259674897,2024-07-12,195.69,119.69,119.57,125.95,76.0,1292.3
google_21259674897,2024-07-13,93.69,100.34,100.23,107.16,-6.65,1292.3
google_21259674897,2024-07-14,0.0,-0.0,-0.15,6.88,0.0,1292.3
google_21259674897,2024-07-15,68.69,33.33,33.17,40.0,35.36,1292.3
google_21259674897,2024-07-16,263.38,-0.02,-0.21,6.87,263.4,1292.3
google_21259674897,2024-07-17,283.29,87.17,86.98,94.09,196.12,1292.3
google_21259674897,2024-07-18,138.69,-0.01,-0.14,6.25,138.7,1292.3
google_21259674897,2024-07-19,408.69,119.69,119.57,125.95,289.0,1292.3
google_21259674897,2024-07-20,250.38,100.34,100.23,107.16,150.04,1292.3
google_21259674897,2024-07-21,315.92,-0.0,-0.15,6.88,315.92,1292.3
google_21259674897,2024-07-22,177.07,33.33,33.17,40.0,143.75,1292.3
google_21259674897,2024-07-23,426.84,-0.02,-0.21,6.87,426.86,1292.3
google_21259674897,2024-07-24,95.0,87.17,86.98,94.09,7.83,1292.3
google_21259674897,2024-07-25,118.69,-0.01,-0.14,6.25,118.7,1292.3
google_21259674897,2024-07-26,348.69,119.69,119.57,125.95,229.0,1292.3
google_21259674897,2024-07-27,0.0,100.34,100.23,107.16,-100.34,1292.3
google_21259674897,2024-07-28,126.29,-0.0,-0.15,6.88,126.29,1292.3
google_21259674897,2024-07-29,45.0,33.33,33.17,40.0,11.67,1292.3
google_21259674897,2024-07-30,100.69,-0.02,-0.21,6.87,100.71,1292.3
google_21259674897,2024-07-01,59.84,33.33,33.17,40.0,26.52,1292.3
google_21259674897,2024-07-02,243.78,-0.02,-0.21,6.87,243.8,1292.3
google_21259674897,2024-07-03,68.69,87.17,86.98,94.09,-18.48,1292.3
google_21259674897,2024-07-04,1.03,-0.01,-0.14,6.25,1.04,1292.3
google_21259674897,2024-07-05,283.09,119.69,119.57,125.95,163.4,1292.3
google_21259674897,2024-07-06,88.69,100.34,100.23,107.16,-11.65,1292.3
google_21259674897,2024-07-07,152.0,-0.0,-0.15,6.88,152.0,1292.3
google_21259674897,2024-07-08,7030.88,33.33,33.17,40.0,6997.55,1292.3
google_21259674897,2024-07-09,553.47,-0.02,-0.21,6.87,553.49,1292.3
google_21259674897,2024-07-10,118.0,87.17,86.98,94.09,30.83,1292.3
google_21259674897,2024-07-11,268.69,-0.01,-0.14,6.25,268.7,1292.3
google_21259674897,2024-07-12,195.69,119.69,119.57,125.95,76.0,1292.3
google_21259674897,2024-07-13,93.69,100.34,100.23,107.16,-6.65,1292.3
google_21259674897,2024-07-14,0.0,-0.0,-0.15,6.88,0.0,1292.3
google_21259674897,2024-07-15,68.69,33.33,33.17,40.0,35.36,1292.3
google_21259674897,2024-07-16,263.38,-0.02,-0.21,6.87,263.4,1292.3
google_21259674897,2024-07-17,283.29,87.17,86.98,94.09,196.12,1292.3
google_21259674897,2024-07-18,138.69,-0.01,-0.14,6.25,138.7,1292.3
google_21259674897,2024-07-19,408.69,119.69,119.57,125.95,289.0,1292.3
google_21259674897,2024-07-20,250.38,100.34,100.23,107.16,150.04,1292.3
google_21259674897,2024-07-21,315.92,-0.0,-0.15,6.88,315.92,1292.3
google_21259674897,2024-07-22,177.07,33.33,33.17,40.0,143.75,1292.3
google_21259674897,2024-07-23,426.84,-0.02,-0.21,6.87,426.86,1292.3
google_21259674897,2024-07-24,95.0,87.17,86.98,94.09,7.83,1292.3
google_21259674897,2024-07-25,118.69,-0.01,-0.14,6.25,118.7,1292.3
google_21259674897,2024-07-26,348.69,119.69,119.57,125.95,229.0,1292.3
google_21259674897,2024-07-27,0.0,100.34,100.23,107.16,-100.34,1292.3
google_21259674897,2024-07-28,126.29,-0.0,-0.15,6.88,126.29,1292.3
google_21259674897,2024-07-29,45.0,33.33,33.17,40.0,11.67,1292.3
google_21259674897,2024-07-30,100.69,-0.02,-0.21,6.87,100.71,1292.3
google_21259674897,2024-07-01,59.84,33.33,33.17,40.0,26.52,1292.3
google_21259674897,2024-07-02,243.78,-0.02,-0.21,6.87,243.8,1292.3
google_21259674897,2024-07-03,68.69,87.17,86.98,94.09,-18.48,1292.3
google_21259674897,2024-07-04,1.03,-0.01,-0.14,6.25,1.04,1292.3
google_21259674897,2024-07-05,283.09,119.69,119.57,125.95,163.4,1292.3
google_21259674897,2024-07-06,88.69,100.34,100.23,107.16,-11.65,1292.3
google_21259674897,2024-07-07,152.0,-0.0,-0.15,6.88,152.0,1292.3
google_21259674897,2024-07-08,7030.88,33.33,33.17,40.0,6997.55,1292.3
google_21259674897,2024-07-09,553.47,-0.02,-0.21,6.87,553.49,1292.3
google_21259674897,2024-07-10,118.0,87.17,86.98,94.09,30.83,1292.3
google_21259674897,2024-07-11,268.69,-0.01,-0.14,6.25,268.7,1292.3
google_21259674897,2024-07-12,195.69,119.69,119.57,125.95,76.0,1292.3
google_21259674897,2024-07-13,93.69,100.34,100.23,107.16,-6.65,1292.3
google_21259674897,2024-07-14,0.0,-0.0,-0.15,6.88,0.0,1292.3
google_21259674897,2024-07-15,68.69,33.33,33.17,40.0,35.36,1292.3
google_21259674897,2024-07-16,263.38,-0.02,-0.21,6.87,263.4,1292.3
google_21259674897,2024-07-17,283.29,87.17,86.98,94.09,196.12,1292.3
google_21259674897,2024-07-18,138.69,-0.01,-0.14,6.25,138.7,1292.3
google_21259674897,2024-07-19,408.69,119.69,119.57,125.95,289.0,1292.3
google_21259674897,2024-07-20,250.38,100.34,100.23,107.16,150.04,1292.3
google_21259674897,2024-07-21,315.92,-0.0,-0.15,6.88,315.92,1292.3
google_21259674897,2024-07-22,177.07,33.33,33.17,40.0,143.75,1292.3
google_21259674897,2024-07-23,426.84,-0.02,-0.21,6.87,426.86,1292.3
google_21259674897,2024-07-24,95.0,87.17,86.98,94.09,7.83,1292.3
google_21259674897,2024-07-25,118.69,-0.01,-0.14,6.25,118.7,1292.3
google_21259674897,2024-07-26,348.69,119.69,119.57,125.95,229.0,1292.3
google_21259674897,2024-07-27,0.0,100.34,100.23,107.16,-100.34,1292.3
google_21259674897,2024-07-28,126.29,-0.0,-0.15,6.88,126.29,1292.3
google_21259674897,2024-07-29,45.0,33.33,33.17,40.0,11.67,1292.3
google_21259674897,2024-07-30,100.69,-0.02,-0.21,6.87,100.71,1292.3
google_20123547793,2024-05-02,1058.96,750.93,637.28,837.2,308.03,984.93
google_20123547793,2024-05-03,997.51,736.67,630.59,830.38,260.84,984.93
google_20123547793,2024-05-04,818.21,1024.43,916.27,1120.03,-206.22,984.93
google_20123547793,2024-05-05,560.64,993.78,886.98,1089.84,-433.13,984.93
google_20123547793,2024-05-06,357.51,963.43,877.51,1070.44,-605.92,984.93
google_20123547793,2024-05-07,627.68,941.44,851.96,1045.74,-313.75,984.93
google_20123547793,2024-05-08,1136.25,1077.04,972.76,1164.72,59.22,984.93
google_20123547793,2024-05-09,792.22,750.93,637.28,837.2,41.29,984.93
google_20123547793,2024-05-10,926.96,736.67,630.59,830.38,190.29,984.93
google_20123547793,2024-05-11,1101.29,1024.43,916.27,1120.03,76.86,984.93
google_20123547793,2024-05-12,1151.01,993.78,886.98,1089.84,157.23,984.93
google_20123547793,2024-05-13,1716.91,963.43,877.51,1070.44,753.48,984.93
google_20123547793,2024-05-14,910.88,941.44,851.96,1045.74,-30.55,984.93
google_20123547793,2024-05-15,680.12,1077.04,972.76,1164.72,-396.92,984.93
google_20123547793,2024-05-16,492.3,750.93,637.28,837.2,-258.63,984.93
google_20123547793,2024-05-17,966.32,736.67,630.59,830.38,229.65,984.93
google_20123547793,2024-05-18,1024.85,1024.43,916.27,1120.03,0.42,984.93
google_20123547793,2024-05-19,1274.04,993.78,886.98,1089.84,280.27,984.93
google_20123547793,2024-05-20,1041.66,963.43,877.51,1070.44,78.23,984.93
google_20123547793,2024-05-21,697.3,941.44,851.96,1045.74,-244.14,984.93
google_20123547793,2024-05-22,0.0,1077.04,972.76,1164.72,-1077.04,984.93
google_20123547793,2024-05-23,0.0,750.93,637.28,837.2,-750.93,984.93
google_20123547793,2024-05-24,1.06,736.67,630.59,830.38,-735.61,984.93
google_20123547793,2024-05-25,0.47,1024.43,916.27,1120.03,-1023.96,984.93
google_20123547793,2024-05-26,43.19,993.78,886.98,1089.84,-950.59,984.93
google_20123547793,2024-05-27,0.0,963.43,877.51,1070.44,-963.43,984.93
google_20123547793,2024-05-28,0.0,941.44,851.96,1045.74,-941.44,984.93
google_20123547793,2024-05-29,0.0,1077.04,972.76,1164.72,-1077.04,984.93
google_20123547793,2024-05-30,0.87,750.93,637.28,837.2,-750.06,984.93
google_20123547793,2024-05-31,306.46,736.67,630.59,830.38,-430.21,984.93
google_20123547793,2024-05-02,1058.96,750.93,637.28,837.2,308.03,984.93
google_20123547793,2024-05-03,997.51,736.67,630.59,830.38,260.84,984.93
google_20123547793,2024-05-04,818.21,1024.43,916.27,1120.03,-206.22,984.93
google_20123547793,2024-05-05,560.64,993.78,886.98,1089.84,-433.13,984.93
google_20123547793,2024-05-06,357.51,963.43,877.51,1070.44,-605.92,984.93
google_20123547793,2024-05-07,627.68,941.44,851.96,1045.74,-313.75,984.93
google_20123547793,2024-05-08,1136.25,1077.04,972.76,1164.72,59.22,984.93
google_20123547793,2024-05-09,792.22,750.93,637.28,837.2,41.29,984.93
google_20123547793,2024-05-10,926.96,736.67,630.59,830.38,190.29,984.93
google_20123547793,2024-05-11,1101.29,1024.43,916.27,1120.03,76.86,984.93
google_20123547793,2024-05-12,1151.01,993.78,886.98,1089.84,157.23,984.93
google_20123547793,2024-05-13,1716.91,963.43,877.51,1070.44,753.48,984.93
google_20123547793,2024-05-14,910.88,941.44,851.96,1045.74,-30.55,984.93
google_20123547793,2024-05-15,680.12,1077.04,972.76,1164.72,-396.92,984.93
google_20123547793,2024-05-16,492.3,750.93,637.28,837.2,-258.63,984.93
google_20123547793,2024-05-17,966.32,736.67,630.59,830.38,229.65,984.93
google_20123547793,2024-05-18,1024.85,1024.43,916.27,1120.03,0.42,984.93
google_20123547793,2024-05-19,1274.04,993.78,886.98,1089.84,280.27,984.93
google_20123547793,2024-05-20,1041.66,963.43,877.51,1070.44,78.23,984.93
google_20123547793,2024-05-21,697.3,941.44,851.96,1045.74,-244.14,984.93
google_20123547793,2024-05-22,0.0,1077.04,972.76,1164.72,-1077.04,984.93
google_20123547793,2024-05-23,0.0,750.93,637.28,837.2,-750.93,984.93
google_20123547793,2024-05-24,1.06,736.67,630.59,830.38,-735.61,984.93
google_20123547793,2024-05-25,0.47,1024.43,916.27,1120.03,-1023.96,984.93
google_20123547793,2024-05-26,43.19,993.78,886.98,1089.84,-950.59,984.93
google_20123547793,2024-05-27,0.0,963.43,877.51,1070.44,-963.43,984.93
google_20123547793,2024-05-28,0.0,941.44,851.96,1045.74,-941.44,984.93
google_20123547793,2024-05-29,0.0,1077.04,972.76,1164.72,-1077.04,984.93
google_20123547793,2024-05-30,0.87,750.93,637.28,837.2,-750.06,984.93
google_20123547793,2024-05-31,306.46,736.67,630.59,830.38,-430.21,984.93
google_20123547793,2024-05-02,1058.96,750.93,637.28,837.2,308.03,984.93
google_20123547793,2024-05-03,997.51,736.67,630.59,830.38,260.84,984.93
google_20123547793,2024-05-04,818.21,1024.43,916.27,1120.03,-206.22,984.93
google_20123547793,2024-05-05,560.64,993.78,886.98,1089.84,-433.13,984.93
google_20123547793,2024-05-06,357.51,963.43,877.51,1070.44,-605.92,984.93
google_20123547793,2024-05-07,627.68,941.44,851.96,1045.74,-313.75,984.93
google_20123547793,2024-05-08,1136.25,1077.04,972.76,1164.72,59.22,984.93
google_20123547793,2024-05-09,792.22,750.93,637.28,837.2,41.29,984.93
google_20123547793,2024-05-10,926.96,736.67,630.59,830.38,190.29,984.93
google_20123547793,2024-05-11,1101.29,1024.43,916.27,1120.03,76.86,984.93
google_20123547793,2024-05-12,1151.01,993.78,886.98,1089.84,157.23,984.93
google_20123547793,2024-05-13,1716.91,963.43,877.51,1070.44,753.48,984.93
google_20123547793,2024-05-14,910.88,941.44,851.96,1045.74,-30.55,984.93
google_20123547793,2024-05-15,680.12,1077.04,972.76,1164.72,-396.92,984.93
google_20123547793,2024-05-16,492.3,750.93,637.28,837.2,-258.63,984.93
google_20123547793,2024-05-17,966.32,736.67,630.59,830.38,229.65,984.93
google_20123547793,2024-05-18,1024.85,1024.43,916.27,1120.03,0.42,984.93
google_20123547793,2024-05-19,1274.04,993.78,886.98,1089.84,280.27,984.93
google_20123547793,2024-05-20,1041.66,963.43,877.51,1070.44,78.23,984.93
google_20123547793,2024-05-21,697.3,941.44,851.96,1045.74,-244.14,984.93
google_20123547793,2024-05-22,0.0,1077.04,972.76,1164.72,-1077.04,984.93
google_20123547793,2024-05-23,0.0,750.93,637.28,837.2,-750.93,984.93
google_20123547793,2024-05-24,1.06,736.67,630.59,830.38,-735.61,984.93
google_20123547793,2024-05-25,0.47,1024.43,916.27,1120.03,-1023.96,984.93
google_20123547793,2024-05-26,43.19,993.78,886.98,1089.84,-950.59,984.93
google_20123547793,2024-05-27,0.0,963.43,877.51,1070.44,-963.43,984.93
google_20123547793,2024-05-28,0.0,941.44,851.96,1045.74,-941.44,984.93
google_20123547793,2024-05-29,0.0,1077.04,972.76,1164.72,-1077.04,984.93
google_20123547793,2024-05-30,0.87,750.93,637.28,837.2,-750.06,984.93
google_20123547793,2024-05-31,306.46,736.67,630.59,830.38,-430.21,984.93
google_20123547793,2024-07-01,2285.45,588.25,536.58,660.01,1697.2,984.93
google_20123547793,2024-07-02,1739.32,538.32,486.29,610.1,1201.0,984.93
google_20123547793,2024-07-03,699.69,793.74,741.64,865.16,-94.05,984.93
google_20123547793,2024-07-04,339.85,3021.7,2958.63,3091.76,-2681.85,984.93
google_20123547793,2024-07-05,2159.97,1575.36,1509.04,1644.15,584.6,984.93
google_20123547793,2024-07-06,224.8,946.31,881.0,1014.79,-721.51,984.93
google_20123547793,2024-07-07,418.15,875.92,810.96,944.1,-457.77,984.93
google_20123547793,2024-07-08,762.8,588.25,536.58,660.01,174.55,984.93
google_20123547793,2024-07-09,1206.82,538.32,486.29,610.1,668.5,984.93
google_20123547793,2024-07-10,2640.95,793.74,741.64,865.16,1847.21,984.93
google_20123547793,2024-07-11,1404.99,3021.7,2958.63,3091.76,-1616.71,984.93
google_20123547793,2024-07-12,686.92,1575.36,1509.04,1644.15,-888.44,984.93
google_20123547793,2024-07-13,399.6,946.31,881.0,1014.79,-546.71,984.93
google_20123547793,2024-07-14,848.0,875.92,810.96,944.1,-27.92,984.93
google_20123547793,2024-07-15,281.64,588.25,536.58,660.01,-306.61,984.93
google_20123547793,2024-07-16,266.87,538.32,486.29,610.1,-271.45,984.93
google_20123547793,2024-07-17,377.4,793.74,741.64,865.16,-416.34,984.93
google_20123547793,2024-07-18,90.0,3021.7,2958.63,3091.76,-2931.7,984.93
google_20123547793,2024-07-19,18.0,1575.36,1509.04,1644.15,-1557.36,984.93
google_20123547793,2024-07-20,0.0,946.31,881.0,1014.79,-946.31,984.93
google_20123547793,2024-07-21,0.0,875.92,810.96,944.1,-875.92,984.93
google_20123547793,2024-07-22,0.0,588.25,536.58,660.01,-588.25,984.93
google_20123547793,2024-07-23,0.0,538.32,486.29,610.1,-538.32,984.93
google_20123547793,2024-07-24,28.0,793.74,741.64,865.16,-765.74,984.93
google_20123547793,2024-07-25,0.0,3021.7,2958.63,3091.76,-3021.7,984.93
google_20123547793,2024-07-26,0.0,1575.36,1509.04,1644.15,-1575.36,984.93
google_20123547793,2024-07-27,0.0,946.31,881.0,1014.79,-946.31,984.93
google_20123547793,2024-07-28,0.0,875.92,810.96,944.1,-875.92,984.93
google_20123547793,2024-07-29,0.0,588.25,536.58,660.01,-588.25,984.93
google_20123547793,2024-07-30,0.0,538.32,486.29,610.1,-538.32,984.93
google_20123547793,2024-07-01,2285.45,588.25,536.58,660.01,1697.2,984.93
google_20123547793,2024-07-02,1739.32,538.32,486.29,610.1,1201.0,984.93
google_20123547793,2024-07-03,699.69,793.74,741.64,865.16,-94.05,984.93
google_20123547793,2024-07-04,339.85,3021.7,2958.63,3091.76,-2681.85,984.93
google_20123547793,2024-07-05,2159.97,1575.36,1509.04,1644.15,584.6,984.93
google_20123547793,2024-07-06,224.8,946.31,881.0,1014.79,-721.51,984.93
google_20123547793,2024-07-07,418.15,875.92,810.96,944.1,-457.77,984.93
google_20123547793,2024-07-08,762.8,588.25,536.58,660.01,174.55,984.93
google_20123547793,2024-07-09,1206.82,538.32,486.29,610.1,668.5,984.93
google_20123547793,2024-07-10,2640.95,793.74,741.64,865.16,1847.21,984.93
google_20123547793,2024-07-11,1404.99,3021.7,2958.63,3091.76,-1616.71,984.93
google_20123547793,2024-07-12,686.92,1575.36,1509.04,1644.15,-888.44,984.93
google_20123547793,2024-07-13,399.6,946.31,881.0,1014.79,-546.71,984.93
google_20123547793,2024-07-14,848.0,875.92,810.96,944.1,-27.92,984.93
google_20123547793,2024-07-15,281.64,588.25,536.58,660.01,-306.61,984.93
google_20123547793,2024-07-16,266.87,538.32,486.29,610.1,-271.45,984.93
google_20123547793,2024-07-17,377.4,793.74,741.64,865.16,-416.34,984.93
google_20123547793,2024-07-18,90.0,3021.7,2958.63,3091.76,-2931.7,984.93
google_20123547793,2024-07-19,18.0,1575.36,1509.04,1644.15,-1557.36,984.93
google_20123547793,2024-07-20,0.0,946.31,881.0,1014.79,-946.31,984.93
google_20123547793,2024-07-21,0.0,875.92,810.96,944.1,-875.92,984.93
google_20123547793,2024-07-22,0.0,588.25,536.58,660.01,-588.25,984.93
google_20123547793,2024-07-23,0.0,538.32,486.29,610.1,-538.32,984.93
google_20123547793,2024-07-24,28.0,793.74,741.64,865.16,-765.74,984.93
google_20123547793,2024-07-25,0.0,3021.7,2958.63,3091.76,-3021.7,984.93
google_20123547793,2024-07-26,0.0,1575.36,1509.04,1644.15,-1575.36,984.93
google_20123547793,2024-07-27,0.0,946.31,881.0,1014.79,-946.31,984.93
google_20123547793,2024-07-28,0.0,875.92,810.96,944.1,-875.92,984.93
google_20123547793,2024-07-29,0.0,588.25,536.58,660.01,-588.25,984.93
google_20123547793,2024-07-30,0.0,538.32,486.29,610.1,-538.32,984.93
google_20123547793,2024-07-01,2285.45,588.25,536.58,660.01,1697.2,984.93
google_20123547793,2024-07-02,1739.32,538.32,486.29,610.1,1201.0,984.93
google_20123547793,2024-07-03,699.69,793.74,741.64,865.16,-94.05,984.93
google_20123547793,2024-07-04,339.85,3021.7,2958.63,3091.76,-2681.85,984.93
google_20123547793,2024-07-05,2159.97,1575.36,1509.04,1644.15,584.6,984.93
google_20123547793,2024-07-06,224.8,946.31,881.0,1014.79,-721.51,984.93
google_20123547793,2024-07-07,418.15,875.92,810.96,944.1,-457.77,984.93
google_20123547793,2024-07-08,762.8,588.25,536.58,660.01,174.55,984.93
google_20123547793,2024-07-09,1206.82,538.32,486.29,610.1,668.5,984.93
google_20123547793,2024-07-10,2640.95,793.74,741.64,865.16,1847.21,984.93
google_20123547793,2024-07-11,1404.99,3021.7,2958.63,3091.76,-1616.71,984.93
google_20123547793,2024-07-12,686.92,1575.36,1509.04,1644.15,-888.44,984.93
google_20123547793,2024-07-13,399.6,946.31,881.0,1014.79,-546.71,984.93
google_20123547793,2024-07-14,848.0,875.92,810.96,944.1,-27.92,984.93
google_20123547793,2024-07-15,281.64,588.25,536.58,660.01,-306.61,984.93
google_20123547793,2024-07-16,266.87,538.32,486.29,610.1,-271.45,984.93
google_20123547793,2024-07-17,377.4,793.74,741.64,865.16,-416.34,984.93
google_20123547793,2024-07-18,90.0,3021.7,2958.63,3091.76,-2931.7,984.93
google_20123547793,2024-07-19,18.0,1575.36,1509.04,1644.15,-1557.36,984.93
google_20123547793,2024-07-20,0.0,946.31,881.0,1014.79,-946.31,984.93
google_20123547793,2024-07-21,0.0,875.92,810.96,944.1,-875.92,984.93
google_20123547793,2024-07-22,0.0,588.25,536.58,660.01,-588.25,984.93
google_20123547793,2024-07-23,0.0,538.32,486.29,610.1,-538.32,984.93
google_20123547793,2024-07-24,28.0,793.74,741.64,865.16,-765.74,984.93
google_20123547793,2024-07-25,0.0,3021.7,2958.63,3091.76,-3021.7,984.93
google_20123547793,2024-07-26,0.0,1575.36,1509.04,1644.15,-1575.36,984.93
google_20123547793,2024-07-27,0.0,946.31,881.0,1014.79,-946.31,984.93
google_20123547793,2024-07-28,0.0,875.92,810.96,944.1,-875.92,984.93
google_20123547793,2024-07-29,0.0,588.25,536.58,660.01,-588.25,984.93
google_20123547793,2024-07-30,0.0,538.32,486.29,610.1,-538.32,984.93
google_9988712287,2024-05-02,1387.0,496.65,496.61,579.22,890.36,777.08
google_9988712287,2024-05-03,1136.48,291.33,288.97,370.71,845.16,777.08
google_9988712287,2024-05-04,721.88,259.45,256.13,336.22,462.43,777.08
google_9988712287,2024-05-05,2006.9,643.07,640.72,720.09,1363.83,777.08
google_9988712287,2024-05-06,663.82,281.2,284.55,362.1,382.62,777.08
google_9988712287,2024-05-07,854.83,434.06,435.05,515.84,420.77,777.08
google_9988712287,2024-05-08,790.96,210.22,210.03,292.81,580.75,777.08
google_9988712287,2024-05-09,633.17,496.65,496.61,579.22,136.52,777.08
google_9988712287,2024-05-10,351.52,291.33,288.97,370.71,60.19,777.08
google_9988712287,2024-05-11,760.98,259.45,256.13,336.22,501.53,777.08
google_9988712287,2024-05-12,579.91,643.07,640.72,720.09,-63.16,777.08
google_9988712287,2024-05-13,622.02,281.2,284.55,362.1,340.83,777.08
google_9988712287,2024-05-14,839.77,434.06,435.05,515.84,405.71,777.08
google_9988712287,2024-05-15,1057.36,210.22,210.03,292.81,847.14,777.08
google_9988712287,2024-05-16,466.16,496.65,496.61,579.22,-30.49,777.08
google_9988712287,2024-05-17,865.6,291.33,288.97,370.71,574.27,777.08
google_9988712287,2024-05-18,599.94,259.45,256.13,336.22,340.49,777.08
google_9988712287,2024-05-19,207.62,643.07,640.72,720.09,-435.45,777.08
google_9988712287,2024-05-20,1305.39,281.2,284.55,362.1,1024.2,777.08
google_9988712287,2024-05-21,392.26,434.06,435.05,515.84,-41.8,777.08
google_9988712287,2024-05-22,267.5,210.22,210.03,292.81,57.28,777.08
google_9988712287,2024-05-23,311.21,496.65,496.61,579.22,-185.44,777.08
google_9988712287,2024-05-24,636.0,291.33,288.97,370.71,344.67,777.08
google_9988712287,2024-05-25,0.0,259.45,256.13,336.22,-259.45,777.08
google_9988712287,2024-05-26,89.85,643.07,640.72,720.09,-553.22,777.08
google_9988712287,2024-05-27,5.16,281.2,284.55,362.1,-276.03,777.08
google_9988712287,2024-05-28,71.37,434.06,435.05,515.84,-362.69,777.08
google_9988712287,2024-05-29,294.32,210.22,210.03,292.81,84.1,777.08
google_9988712287,2024-05-30,281.08,496.65,496.61,579.22,-215.57,777.08
google_9988712287,2024-05-31,297.98,291.33,288.97,370.71,6.65,777.08
google_9988712287,2024-05-02,1387.0,496.65,496.61,579.22,890.36,777.08
google_9988712287,2024-05-03,1136.48,291.33,288.97,370.71,845.16,777.08
google_9988712287,2024-05-04,721.88,259.45,256.13,336.22,462.43,777.08
google_9988712287,2024-05-05,2006.9,643.07,640.72,720.09,1363.83,777.08
google_9988712287,2024-05-06,663.82,281.2,284.55,362.1,382.62,777.08
google_9988712287,2024-05-07,854.83,434.06,435.05,515.84,420.77,777.08
google_9988712287,2024-05-08,790.96,210.22,210.03,292.81,580.75,777.08
google_9988712287,2024-05-09,633.17,496.65,496.61,579.22,136.52,777.08
google_9988712287,2024-05-10,351.52,291.33,288.97,370.71,60.19,777.08
google_9988712287,2024-05-11,760.98,259.45,256.13,336.22,501.53,777.08
google_9988712287,2024-05-12,579.91,643.07,640.72,720.09,-63.16,777.08
google_9988712287,2024-05-13,622.02,281.2,284.55,362.1,340.83,777.08
google_9988712287,2024-05-14,839.77,434.06,435.05,515.84,405.71,777.08
google_9988712287,2024-05-15,1057.36,210.22,210.03,292.81,847.14,777.08
google_9988712287,2024-05-16,466.16,496.65,496.61,579.22,-30.49,777.08
google_9988712287,2024-05-17,865.6,291.33,288.97,370.71,574.27,777.08
google_9988712287,2024-05-18,599.94,259.45,256.13,336.22,340.49,777.08
google_9988712287,2024-05-19,207.62,643.07,640.72,720.09,-435.45,777.08
google_9988712287,2024-05-20,1305.39,281.2,284.55,362.1,1024.2,777.08
google_9988712287,2024-05-21,392.26,434.06,435.05,515.84,-41.8,777.08
google_9988712287,2024-05-22,267.5,210.22,210.03,292.81,57.28,777.08
google_9988712287,2024-05-23,311.21,496.65,496.61,579.22,-185.44,777.08
google_9988712287,2024-05-24,636.0,291.33,288.97,370.71,344.67,777.08
google_9988712287,2024-05-25,0.0,259.45,256.13,336.22,-259.45,777.08
google_9988712287,2024-05-26,89.85,643.07,640.72,720.09,-553.22,777.08
google_9988712287,2024-05-27,5.16,281.2,284.55,362.1,-276.03,777.08
google_9988712287,2024-05-28,71.37,434.06,435.05,515.84,-362.69,777.08
google_9988712287,2024-05-29,294.32,210.22,210.03,292.81,84.1,777.08
google_9988712287,2024-05-30,281.08,496.65,496.61,579.22,-215.57,777.08
google_9988712287,2024-05-31,297.98,291.33,288.97,370.71,6.65,777.08
google_9988712287,2024-05-02,1387.0,496.65,496.61,579.22,890.36,777.08
google_9988712287,2024-05-03,1136.48,291.33,288.97,370.71,845.16,777.08
google_9988712287,2024-05-04,721.88,259.45,256.13,336.22,462.43,777.08
google_9988712287,2024-05-05,2006.9,643.07,640.72,720.09,1363.83,777.08
google_9988712287,2024-05-06,663.82,281.2,284.55,362.1,382.62,777.08
google_9988712287,2024-05-07,854.83,434.06,435.05,515.84,420.77,777.08
google_9988712287,2024-05-08,790.96,210.22,210.03,292.81,580.75,777.08
google_9988712287,2024-05-09,633.17,496.65,496.61,579.22,136.52,777.08
google_9988712287,2024-05-10,351.52,291.33,288.97,370.71,60.19,777.08
google_9988712287,2024-05-11,760.98,259.45,256.13,336.22,501.53,777.08
google_9988712287,2024-05-12,579.91,643.07,640.72,720.09,-63.16,777.08
google_9988712287,2024-05-13,622.02,281.2,284.55,362.1,340.83,777.08
google_9988712287,2024-05-14,839.77,434.06,435.05,515.84,405.71,777.08
google_9988712287,2024-05-15,1057.36,210.22,210.03,292.81,847.14,777.08
google_9988712287,2024-05-16,466.16,496.65,496.61,579.22,-30.49,777.08
google_9988712287,2024-05-17,865.6,291.33,288.97,370.71,574.27,777.08
google_9988712287,2024-05-18,599.94,259.45,256.13,336.22,340.49,777.08
google_9988712287,2024-05-19,207.62,643.07,640.72,720.09,-435.45,777.08
google_9988712287,2024-05-20,1305.39,281.2,284.55,362.1,1024.2,777.08
google_9988712287,2024-05-21,392.26,434.06,435.05,515.84,-41.8,777.08
google_9988712287,2024-05-22,267.5,210.22,210.03,292.81,57.28,777.08
google_9988712287,2024-05-23,311.21,496.65,496.61,579.22,-185.44,777.08
google_9988712287,2024-05-24,636.0,291.33,288.97,370.71,344.67,777.08
google_9988712287,2024-05-25,0.0,259.45,256.13,336.22,-259.45,777.08
google_9988712287,2024-05-26,89.85,643.07,640.72,720.09,-553.22,777.08
google_9988712287,2024-05-27,5.16,281.2,284.55,362.1,-276.03,777.08
google_9988712287,2024-05-28,71.37,434.06,435.05,515.84,-362.69,777.08
google_9988712287,2024-05-29,294.32,210.22,210.03,292.81,84.1,777.08
google_9988712287,2024-05-30,281.08,496.65,496.61,579.22,-215.57,777.08
google_9988712287,2024-05-31,297.98,291.33,288.97,370.71,6.65,777.08
google_9988712287,2024-07-01,457.5,537.53,391.26,532.62,-80.03,777.08
google_9988712287,2024-07-02,587.5,885.58,742.51,881.17,-298.08,777.08
google_9988712287,2024-07-03,595.69,669.31,525.7,664.1,-73.62,777.08
google_9988712287,2024-07-04,151.55,857.34,710.03,851.66,-705.79,777.08
google_9988712287,2024-07-05,1279.85,744.2,596.67,754.15,535.65,777.08
google_9988712287,2024-07-06,493.26,1273.86,1112.81,1273.88,-780.61,777.08
google_9988712287,2024-07-07,445.0,1012.68,853.9,1012.43,-567.68,777.08
google_9988712287,2024-07-08,2953.15,537.53,391.26,532.62,2415.62,777.08
google_9988712287,2024-07-09,188.17,885.58,742.51,881.17,-697.41,777.08
google_9988712287,2024-07-10,919.24,669.31,525.7,664.1,249.93,777.08
google_9988712287,2024-07-11,708.03,857.34,710.03,851.66,-149.3,777.08
google_9988712287,2024-07-12,353.7,744.2,596.67,754.15,-390.5,777.08
google_9988712287,2024-07-13,145.17,1273.86,1112.81,1273.88,-1128.7,777.08
google_9988712287,2024-07-14,1108.27,1012.68,853.9,1012.43,95.59,777.08
google_9988712287,2024-07-15,560.14,537.53,391.26,532.62,22.6,777.08
google_9988712287,2024-07-16,797.6,885.58,742.51,881.17,-87.98,777.08
google_9988712287,2024-07-17,1242.1,669.31,525.7,664.1,572.79,777.08
google_9988712287,2024-07-18,653.59,857.34,710.03,851.66,-203.75,777.08
google_9988712287,2024-07-19,497.23,744.2,596.67,754.15,-246.97,777.08
google_9988712287,2024-07-20,532.2,1273.86,1112.81,1273.88,-741.66,777.08
google_9988712287,2024-07-21,334.06,1012.68,853.9,1012.43,-678.62,777.08
google_9988712287,2024-07-22,1108.0,537.53,391.26,532.62,570.47,777.08
google_9988712287,2024-07-23,543.1,885.58,742.51,881.17,-342.48,777.08
google_9988712287,2024-07-24,947.76,669.31,525.7,664.1,278.45,777.08
google_9988712287,2024-07-25,145.14,857.34,710.03,851.66,-712.2,777.08
google_9988712287,2024-07-26,430.08,744.2,596.67,754.15,-314.12,777.08
google_9988712287,2024-07-27,227.76,1273.86,1112.81,1273.88,-1046.11,777.08
google_9988712287,2024-07-28,88.08,1012.68,853.9,1012.43,-924.6,777.08
google_9988712287,2024-07-29,402.5,537.53,391.26,532.62,-135.03,777.08
google_9988712287,2024-07-30,598.89,885.58,742.51,881.17,-286.69,777.08
google_9988712287,2024-07-01,457.5,537.53,391.26,532.62,-80.03,777.08
google_9988712287,2024-07-02,587.5,885.58,742.51,881.17,-298.08,777.08
google_9988712287,2024-07-03,595.69,669.31,525.7,664.1,-73.62,777.08
google_9988712287,2024-07-04,151.55,857.34,710.03,851.66,-705.79,777.08
google_9988712287,2024-07-05,1279.85,744.2,596.67,754.15,535.65,777.08
google_9988712287,2024-07-06,493.26,1273.86,1112.81,1273.88,-780.61,777.08
google_9988712287,2024-07-07,445.0,1012.68,853.9,1012.43,-567.68,777.08
google_9988712287,2024-07-08,2953.15,537.53,391.26,532.62,2415.62,777.08
google_9988712287,2024-07-09,188.17,885.58,742.51,881.17,-697.41,777.08
google_9988712287,2024-07-10,919.24,669.31,525.7,664.1,249.93,777.08
google_9988712287,2024-07-11,708.03,857.34,710.03,851.66,-149.3,777.08
google_9988712287,2024-07-12,353.7,744.2,596.67,754.15,-390.5,777.08
google_9988712287,2024-07-13,145.17,1273.86,1112.81,1273.88,-1128.7,777.08
google_9988712287,2024-07-14,1108.27,1012.68,853.9,1012.43,95.59,777.08
google_9988712287,2024-07-15,560.14,537.53,391.26,532.62,22.6,777.08
google_9988712287,2024-07-16,797.6,885.58,742.51,881.17,-87.98,777.08
google_9988712287,2024-07-17,1242.1,669.31,525.7,664.1,572.79,777.08
google_9988712287,2024-07-18,653.59,857.34,710.03,851.66,-203.75,777.08
google_9988712287,2024-07-19,497.23,744.2,596.67,754.15,-246.97,777.08
google_9988712287,2024-07-20,532.2,1273.86,1112.81,1273.88,-741.66,777.08
google_9988712287,2024-07-21,334.06,1012.68,853.9,1012.43,-678.62,777.08
google_9988712287,2024-07-22,1108.0,537.53,391.26,532.62,570.47,777.08
google_9988712287,2024-07-23,543.1,885.58,742.51,881.17,-342.48,777.08
google_9988712287,2024-07-24,947.76,669.31,525.7,664.1,278.45,777.08
google_9988712287,2024-07-25,145.14,857.34,710.03,851.66,-712.2,777.08
google_9988712287,2024-07-26,430.08,744.2,596.67,754.15,-314.12,777.08
google_9988712287,2024-07-27,227.76,1273.86,1112.81,1273.88,-1046.11,777.08
google_9988712287,2024-07-28,88.08,1012.68,853.9,1012.43,-924.6,777.08
google_9988712287,2024-07-29,402.5,537.53,391.26,532.62,-135.03,777.08
google_9988712287,2024-07-30,598.89,885.58,742.51,881.17,-286.69,777.08
google_9988712287,2024-07-01,457.5,537.53,391.26,532.62,-80.03,777.08
google_9988712287,2024-07-02,587.5,885.58,742.51,881.17,-298.08,777.08
google_9988712287,2024-07-03,595.69,669.31,525.7,664.1,-73.62,777.08
google_9988712287,2024-07-04,151.55,857.34,710.03,851.66,-705.79,777.08
google_9988712287,2024-07-05,1279.85,744.2,596.67,754.15,535.65,777.08
google_9988712287,2024-07-06,493.26,1273.86,1112.81,1273.88,-780.61,777.08
google_9988712287,2024-07-07,445.0,1012.68,853.9,1012.43,-567.68,777.08
google_9988712287,2024-07-08,2953.15,537.53,391.26,532.62,2415.62,777.08
google_9988712287,2024-07-09,188.17,885.58,742.51,881.17,-697.41,777.08
google_9988712287,2024-07-10,919.24,669.31,525.7,664.1,249.93,777.08
google_9988712287,2024-07-11,708.03,857.34,710.03,851.66,-149.3,777.08
google_9988712287,2024-07-12,353.7,744.2,596.67,754.15,-390.5,777.08
google_9988712287,2024-07-13,145.17,1273.86,1112.81,1273.88,-1128.7,777.08
google_9988712287,2024-07-14,1108.27,1012.68,853.9,1012.43,95.59,777.08
google_9988712287,2024-07-15,560.14,537.53,391.26,532.62,22.6,777.08
google_9988712287,2024-07-16,797.6,885.58,742.51,881.17,-87.98,777.08
google_9988712287,2024-07-17,1242.1,669.31,525.7,664.1,572.79,777.08
google_9988712287,2024-07-18,653.59,857.34,710.03,851.66,-203.75,777.08
google_9988712287,2024-07-19,497.23,744.2,596.67,754.15,-246.97,777.08
google_9988712287,2024-07-20,532.2,1273.86,1112.81,1273.88,-741.66,777.08
google_9988712287,2024-07-21,334.06,1012.68,853.9,1012.43,-678.62,777.08
google_9988712287,2024-07-22,1108.0,537.53,391.26,532.62,570.47,777.08
google_9988712287,2024-07-23,543.1,885.58,742.51,881.17,-342.48,777.08
google_9988712287,2024-07-24,947.76,669.31,525.7,664.1,278.45,777.08
google_9988712287,2024-07-25,145.14,857.34,710.03,851.66,-712.2,777.08
google_9988712287,2024-07-26,430.08,744.2,596.67,754.15,-314.12,777.08
google_9988712287,2024-07-27,227.76,1273.86,1112.81,1273.88,-1046.11,777.08
google_9988712287,2024-07-28,88.08,1012.68,853.9,1012.43,-924.6,777.08
google_9988712287,2024-07-29,402.5,537.53,391.26,532.62,-135.03,777.08
google_9988712287,2024-07-30,598.89,885.58,742.51,881.17,-286.69,777.08
google_9988712287,2024-08-30,1151.32,216.72,203.45,216.26,934.61,777.08
google_9988712287,2024-08-31,1212.0,515.92,501.46,513.57,696.08,777.08
google_9988712287,2024-09-01,372.4,300.91,286.43,296.15,71.49,777.08
google_9988712287,2024-09-02,540.26,140.44,127.4,144.26,399.82,777.08
google_9988712287,2024-09-03,1215.07,167.02,154.1,166.63,1048.05,777.08
google_9988712287,2024-09-04,356.19,327.18,314.8,326.69,29.01,777.08
google_9988712287,2024-09-05,303.94,234.19,221.76,233.67,69.75,777.08
google_9988712287,2024-09-06,1338.15,216.72,203.45,216.26,1121.43,777.08
google_9988712287,2024-09-07,1011.3,515.92,501.46,513.57,495.38,777.08
google_9988712287,2024-09-08,930.8,300.91,286.43,296.15,629.89,777.08
google_9988712287,2024-09-09,424.73,140.44,127.4,144.26,284.29,777.08
google_9988712287,2024-09-10,1645.38,167.02,154.1,166.63,1478.36,777.08
google_9988712287,2024-09-11,1385.56,327.18,314.8,326.69,1058.39,777.08
google_9988712287,2024-09-12,3213.96,234.19,221.76,233.67,2979.78,777.08
google_9988712287,2024-09-13,2474.65,216.72,203.45,216.26,2257.93,777.08
google_9988712287,2024-09-14,1709.06,515.92,501.46,513.57,1193.14,777.08
google_9988712287,2024-09-15,1155.44,300.91,286.43,296.15,854.53,777.08
google_9988712287,2024-09-16,1208.59,140.44,127.4,144.26,1068.15,777.08
google_9988712287,2024-09-17,808.33,167.02,154.1,166.63,641.31,777.08
google_9988712287,2024-09-18,318.8,327.18,314.8,326.69,-8.37,777.08
google_9988712287,2024-09-19,665.44,234.19,221.76,233.67,431.25,777.08
google_9988712287,2024-09-20,2116.25,216.72,203.45,216.26,1899.54,777.08
google_9988712287,2024-09-21,903.4,515.92,501.46,513.57,387.48,777.08
google_9988712287,2024-09-22,631.83,300.91,286.43,296.15,330.92,777.08
google_9988712287,2024-09-23,818.3,140.44,127.4,144.26,677.86,777.08
google_9988712287,2024-09-24,445.98,167.02,154.1,166.63,278.96,777.08
google_9988712287,2024-09-25,285.13,327.18,314.8,326.69,-42.04,777.08
google_9988712287,2024-09-26,1024.06,234.19,221.76,233.67,789.87,777.08
google_9988712287,2024-09-27,1267.5,216.72,203.45,216.26,1050.78,777.08
google_9988712287,2024-09-28,901.71,515.92,501.46,513.57,385.79,777.08
google_9988712287,2024-08-30,1151.32,216.72,203.45,216.26,934.61,777.08
google_9988712287,2024-08-31,1212.0,515.92,501.46,513.57,696.08,777.08
google_9988712287,2024-09-01,372.4,300.91,286.43,296.15,71.49,777.08
google_9988712287,2024-09-02,540.26,140.44,127.4,144.26,399.82,777.08
google_9988712287,2024-09-03,1215.07,167.02,154.1,166.63,1048.05,777.08
google_9988712287,2024-09-04,356.19,327.18,314.8,326.69,29.01,777.08
google_9988712287,2024-09-05,303.94,234.19,221.76,233.67,69.75,777.08
google_9988712287,2024-09-06,1338.15,216.72,203.45,216.26,1121.43,777.08
google_9988712287,2024-09-07,1011.3,515.92,501.46,513.57,495.38,777.08
google_9988712287,2024-09-08,930.8,300.91,286.43,296.15,629.89,777.08
google_9988712287,2024-09-09,424.73,140.44,127.4,144.26,284.29,777.08
google_9988712287,2024-09-10,1645.38,167.02,154.1,166.63,1478.36,777.08
google_9988712287,2024-09-11,1385.56,327.18,314.8,326.69,1058.39,777.08
google_9988712287,2024-09-12,3213.96,234.19,221.76,233.67,2979.78,777.08
google_9988712287,2024-09-13,2474.65,216.72,203.45,216.26,2257.93,777.08
google_9988712287,2024-09-14,1709.06,515.92,501.46,513.57,1193.14,777.08
google_9988712287,2024-09-15,1155.44,300.91,286.43,296.15,854.53,777.08
google_9988712287,2024-09-16,1208.59,140.44,127.4,144.26,1068.15,777.08
google_9988712287,2024-09-17,808.33,167.02,154.1,166.63,641.31,777.08
google_9988712287,2024-09-18,318.8,327.18,314.8,326.69,-8.37,777.08
google_9988712287,2024-09-19,665.44,234.19,221.76,233.67,431.25,777.08
google_9988712287,2024-09-20,2116.25,216.72,203.45,216.26,1899.54,777.08
google_9988712287,2024-09-21,903.4,515.92,501.46,513.57,387.48,777.08
google_9988712287,2024-09-22,631.83,300.91,286.43,296.15,330.92,777.08
google_9988712287,2024-09-23,818.3,140.44,127.4,144.26,677.86,777.08
google_9988712287,2024-09-24,445.98,167.02,154.1,166.63,278.96,777.08
google_9988712287,2024-09-25,285.13,327.18,314.8,326.69,-42.04,777.08
google_9988712287,2024-09-26,1024.06,234.19,221.76,233.67,789.87,777.08
google_9988712287,2024-09-27,1267.5,216.72,203.45,216.26,1050.78,777.08
google_9988712287,2024-09-28,901.71,515.92,501.46,513.57,385.79,777.08
google_9988712287,2024-08-30,1151.32,216.72,203.45,216.26,934.61,777.08
google_9988712287,2024-08-31,1212.0,515.92,501.46,513.57,696.08,777.08
google_9988712287,2024-09-01,372.4,300.91,286.43,296.15,71.49,777.08
google_9988712287,2024-09-02,540.26,140.44,127.4,144.26,399.82,777.08
google_9988712287,2024-09-03,1215.07,167.02,154.1,166.63,1048.05,777.08
google_9988712287,2024-09-04,356.19,327.18,314.8,326.69,29.01,777.08
google_9988712287,2024-09-05,303.94,234.19,221.76,233.67,69.75,777.08
google_9988712287,2024-09-06,1338.15,216.72,203.45,216.26,1121.43,777.08
google_9988712287,2024-09-07,1011.3,515.92,501.46,513.57,495.38,777.08
google_9988712287,2024-09-08,930.8,300.91,286.43,296.15,629.89,777.08
google_9988712287,2024-09-09,424.73,140.44,127.4,144.26,284.29,777.08
google_9988712287,2024-09-10,1645.38,167.02,154.1,166.63,1478.36,777.08
google_9988712287,2024-09-11,1385.56,327.18,314.8,326.69,1058.39,777.08
google_9988712287,2024-09-12,3213.96,234.19,221.76,233.67,2979.78,777.08
google_9988712287,2024-09-13,2474.65,216.72,203.45,216.26,2257.93,777.08
google_9988712287,2024-09-14,1709.06,515.92,501.46,513.57,1193.14,777.08
google_9988712287,2024-09-15,1155.44,300.91,286.43,296.15,854.53,777.08
google_9988712287,2024-09-16,1208.59,140.44,127.4,144.26,1068.15,777.08
google_9988712287,2024-09-17,808.33,167.02,154.1,166.63,641.31,777.08
google_9988712287,2024-09-18,318.8,327.18,314.8,326.69,-8.37,777.08
google_9988712287,2024-09-19,665.44,234.19,221.76,233.67,431.25,777.08
google_9988712287,2024-09-20,2116.25,216.72,203.45,216.26,1899.54,777.08
google_9988712287,2024-09-21,903.4,515.92,501.46,513.57,387.48,777.08
google_9988712287,2024-09-22,631.83,300.91,286.43,296.15,330.92,777.08
google_9988712287,2024-09-23,818.3,140.44,127.4,144.26,677.86,777.08
google_9988712287,2024-09-24,445.98,167.02,154.1,166.63,278.96,777.08
google_9988712287,2024-09-25,285.13,327.18,314.8,326.69,-42.04,777.08
google_9988712287,2024-09-26,1024.06,234.19,221.76,233.67,789.87,777.08
google_9988712287,2024-09-27,1267.5,216.72,203.45,216.26,1050.78,777.08
google_9988712287,2024-09-28,901.71,515.92,501.46,513.57,385.79,777.08
google_21263646438,2024-07-01,0.0,541.49,336.87,663.51,-541.49,602.16
google_21263646438,2024-07-02,927.67,643.49,440.78,767.02,284.19,602.16
google_21263646438,2024-07-03,566.57,396.12,193.47,519.77,170.45,602.16
google_21263646438,2024-07-04,478.34,565.84,366.84,691.35,-87.5,602.16
google_21263646438,2024-07-05,591.97,493.16,294.27,619.54,98.81,602.16
google_21263646438,2024-07-06,667.5,717.85,510.4,835.18,-50.35,602.16
google_21263646438,2024-07-07,555.11,804.97,600.09,923.51,-249.86,602.16
google_21263646438,2024-07-08,97.6,541.49,336.87,663.51,-443.9,602.16
google_21263646438,2024-07-09,376.04,643.49,440.78,767.02,-267.45,602.16
google_21263646438,2024-07-10,867.93,396.12,193.47,519.77,471.81,602.16
google_21263646438,2024-07-11,77.0,565.84,366.84,691.35,-488.84,602.16
google_21263646438,2024-07-12,712.66,493.16,294.27,619.54,219.5,602.16
google_21263646438,2024-07-13,280.76,717.85,510.4,835.18,-437.09,602.16
google_21263646438,2024-07-14,493.42,804.97,600.09,923.51,-311.55,602.16
google_21263646438,2024-07-15,1.0,541.49,336.87,663.51,-540.49,602.16
google_21263646438,2024-07-16,742.18,643.49,440.78,767.02,98.69,602.16
google_21263646438,2024-07-17,647.63,396.12,193.47,519.77,251.51,602.16
google_21263646438,2024-07-18,305.51,565.84,366.84,691.35,-260.33,602.16
google_21263646438,2024-07-19,585.07,493.16,294.27,619.54,91.91,602.16
google_21263646438,2024-07-20,548.4,717.85,510.4,835.18,-169.46,602.16
google_21263646438,2024-07-21,854.62,804.97,600.09,923.51,49.65,602.16
google_21263646438,2024-07-22,714.48,541.49,336.87,663.51,172.99,602.16
google_21263646438,2024-07-23,1413.82,643.49,440.78,767.02,770.34,602.16
google_21263646438,2024-07-24,454.41,396.12,193.47,519.77,58.28,602.16
google_21263646438,2024-07-25,636.07,565.84,366.84,691.35,70.24,602.16
google_21263646438,2024-07-26,748.67,493.16,294.27,619.54,255.51,602.16
google_21263646438,2024-07-27,925.08,717.85,510.4,835.18,207.23,602.16
google_21263646438,2024-07-28,258.38,804.97,600.09,923.51,-546.59,602.16
google_21263646438,2024-07-29,1010.33,541.49,336.87,663.51,468.84,602.16
google_21263646438,2024-07-30,125.07,643.49,440.78,767.02,-518.41,602.16
google_21263646438,2024-07-01,0.0,541.49,336.87,663.51,-541.49,602.16
google_21263646438,2024-07-02,927.67,643.49,440.78,767.02,284.19,602.16
google_21263646438,2024-07-03,566.57,396.12,193.47,519.77,170.45,602.16
google_21263646438,2024-07-04,478.34,565.84,366.84,691.35,-87.5,602.16
google_21263646438,2024-07-05,591.97,493.16,294.27,619.54,98.81,602.16
google_21263646438,2024-07-06,667.5,717.85,510.4,835.18,-50.35,602.16
google_21263646438,2024-07-07,555.11,804.97,600.09,923.51,-249.86,602.16
google_21263646438,2024-07-08,97.6,541.49,336.87,663.51,-443.9,602.16
google_21263646438,2024-07-09,376.04,643.49,440.78,767.02,-267.45,602.16
google_21263646438,2024-07-10,867.93,396.12,193.47,519.77,471.81,602.16
google_21263646438,2024-07-11,77.0,565.84,366.84,691.35,-488.84,602.16
google_21263646438,2024-07-12,712.66,493.16,294.27,619.54,219.5,602.16
google_21263646438,2024-07-13,280.76,717.85,510.4,835.18,-437.09,602.16
google_21263646438,2024-07-14,493.42,804.97,600.09,923.51,-311.55,602.16
google_21263646438,2024-07-15,1.0,541.49,336.87,663.51,-540.49,602.16
google_21263646438,2024-07-16,742.18,643.49,440.78,767.02,98.69,602.16
google_21263646438,2024-07-17,647.63,396.12,193.47,519.77,251.51,602.16
google_21263646438,2024-07-18,305.51,565.84,366.84,691.35,-260.33,602.16
google_21263646438,2024-07-19,585.07,493.16,294.27,619.54,91.91,602.16
google_21263646438,2024-07-20,548.4,717.85,510.4,835.18,-169.46,602.16
google_21263646438,2024-07-21,854.62,804.97,600.09,923.51,49.65,602.16
google_21263646438,2024-07-22,714.48,541.49,336.87,663.51,172.99,602.16
google_21263646438,2024-07-23,1413.82,643.49,440.78,767.02,770.34,602.16
google_21263646438,2024-07-24,454.41,396.12,193.47,519.77,58.28,602.16
google_21263646438,2024-07-25,636.07,565.84,366.84,691.35,70.24,602.16
google_21263646438,2024-07-26,748.67,493.16,294.27,619.54,255.51,602.16
google_21263646438,2024-07-27,925.08,717.85,510.4,835.18,207.23,602.16
google_21263646438,2024-07-28,258.38,804.97,600.09,923.51,-546.59,602.16
google_21263646438,2024-07-29,1010.33,541.49,336.87,663.51,468.84,602.16
google_21263646438,2024-07-30,125.07,643.49,440.78,767.02,-518.41,602.16
google_21263646438,2024-07-01,0.0,541.49,336.87,663.51,-541.49,602.16
google_21263646438,2024-07-02,927.67,643.49,440.78,767.02,284.19,602.16
google_21263646438,2024-07-03,566.57,396.12,193.47,519.77,170.45,602.16
google_21263646438,2024-07-04,478.34,565.84,366.84,691.35,-87.5,602.16
google_21263646438,2024-07-05,591.97,493.16,294.27,619.54,98.81,602.16
google_21263646438,2024-07-06,667.5,717.85,510.4,835.18,-50.35,602.16
google_21263646438,2024-07-07,555.11,804.97,600.09,923.51,-249.86,602.16
google_21263646438,2024-07-08,97.6,541.49,336.87,663.51,-443.9,602.16
google_21263646438,2024-07-09,376.04,643.49,440.78,767.02,-267.45,602.16
google_21263646438,2024-07-10,867.93,396.12,193.47,519.77,471.81,602.16
google_21263646438,2024-07-11,77.0,565.84,366.84,691.35,-488.84,602.16
google_21263646438,2024-07-12,712.66,493.16,294.27,619.54,219.5,602.16
google_21263646438,2024-07-13,280.76,717.85,510.4,835.18,-437.09,602.16
google_21263646438,2024-07-14,493.42,804.97,600.09,923.51,-311.55,602.16
google_21263646438,2024-07-15,1.0,541.49,336.87,663.51,-540.49,602.16
google_21263646438,2024-07-16,742.18,643.49,440.78,767.02,98.69,602.16
google_21263646438,2024-07-17,647.63,396.12,193.47,519.77,251.51,602.16
google_21263646438,2024-07-18,305.51,565.84,366.84,691.35,-260.33,602.16
google_21263646438,2024-07-19,585.07,493.16,294.27,619.54,91.91,602.16
google_21263646438,2024-07-20,548.4,717.85,510.4,835.18,-169.46,602.16
google_21263646438,2024-07-21,854.62,804.97,600.09,923.51,49.65,602.16
google_21263646438,2024-07-22,714.48,541.49,336.87,663.51,172.99,602.16
google_21263646438,2024-07-23,1413.82,643.49,440.78,767.02,770.34,602.16
google_21263646438,2024-07-24,454.41,396.12,193.47,519.77,58.28,602.16
google_21263646438,2024-07-25,636.07,565.84,366.84,691.35,70.24,602.16
google_21263646438,2024-07-26,748.67,493.16,294.27,619.54,255.51,602.16
google_21263646438,2024-07-27,925.08,717.85,510.4,835.18,207.23,602.16
google_21263646438,2024-07-28,258.38,804.97,600.09,923.51,-546.59,602.16
google_21263646438,2024-07-29,1010.33,541.49,336.87,663.51,468.84,602.16
google_21263646438,2024-07-30,125.07,643.49,440.78,767.02,-518.41,602.16
google_21263646438,2024-08-30,826.01,645.22,588.34,843.85,180.8,602.16
google_21263646438,2024-08-31,941.23,967.0,900.15,1155.72,-25.77,602.16
google_21263646438,2024-09-01,1944.03,1070.13,1006.63,1259.7,873.91,602.16
google_21263646438,2024-09-02,713.35,913.59,856.02,1109.35,-200.23,602.16
google_21263646438,2024-09-03,649.12,1040.41,981.37,1235.33,-391.29,602.16
google_21263646438,2024-09-04,170.52,1101.82,1042.34,1295.52,-931.31,602.16
google_21263646438,2024-09-05,642.22,706.86,647.52,900.1,-64.64,602.16
google_21263646438,2024-09-06,467.42,645.22,588.34,843.85,-177.79,602.16
google_21263646438,2024-09-07,573.58,967.0,900.15,1155.72,-393.42,602.16
google_21263646438,2024-09-08,449.94,1070.13,1006.63,1259.7,-620.19,602.16
google_21263646438,2024-09-09,865.43,913.59,856.02,1109.35,-48.15,602.16
google_21263646438,2024-09-10,0.0,1040.41,981.37,1235.33,-1040.41,602.16
google_21263646438,2024-09-11,0.0,1101.82,1042.34,1295.52,-1101.82,602.16
google_21263646438,2024-09-12,140.69,706.86,647.52,900.1,-566.17,602.16
google_21263646438,2024-09-13,0.0,645.22,588.34,843.85,-645.22,602.16
google_21263646438,2024-09-14,0.0,967.0,900.15,1155.72,-967.0,602.16
google_21263646438,2024-09-15,0.0,1070.13,1006.63,1259.7,-1070.13,602.16
google_21263646438,2024-09-16,138.69,913.59,856.02,1109.35,-774.9,602.16
google_21263646438,2024-09-17,0.0,1040.41,981.37,1235.33,-1040.41,602.16
google_21263646438,2024-09-18,0.0,1101.82,1042.34,1295.52,-1101.82,602.16
google_21263646438,2024-09-19,0.0,706.86,647.52,900.1,-706.86,602.16
google_21263646438,2024-09-20,0.0,645.22,588.34,843.85,-645.22,602.16
google_21263646438,2024-09-21,0.0,967.0,900.15,1155.72,-967.0,602.16
google_21263646438,2024-09-22,0.0,1070.13,1006.63,1259.7,-1070.13,602.16
google_21263646438,2024-09-23,0.0,913.59,856.02,1109.35,-913.59,602.16
google_21263646438,2024-09-24,88.29,1040.41,981.37,1235.33,-952.12,602.16
google_21263646438,2024-09-25,20.0,1101.82,1042.34,1295.52,-1081.82,602.16
google_21263646438,2024-09-26,0.0,706.86,647.52,900.1,-706.86,602.16
google_21263646438,2024-09-27,0.0,645.22,588.34,843.85,-645.22,602.16
google_21263646438,2024-09-28,0.0,967.0,900.15,1155.72,-967.0,602.16
google_21263646438,2024-08-30,826.01,645.22,588.34,843.85,180.8,602.16
google_21263646438,2024-08-31,941.23,967.0,900.15,1155.72,-25.77,602.16
google_21263646438,2024-09-01,1944.03,1070.13,1006.63,1259.7,873.91,602.16
google_21263646438,2024-09-02,713.35,913.59,856.02,1109.35,-200.23,602.16
google_21263646438,2024-09-03,649.12,1040.41,981.37,1235.33,-391.29,602.16
google_21263646438,2024-09-04,170.52,1101.82,1042.34,1295.52,-931.31,602.16
google_21263646438,2024-09-05,642.22,706.86,647.52,900.1,-64.64,602.16
google_21263646438,2024-09-06,467.42,645.22,588.34,843.85,-177.79,602.16
google_21263646438,2024-09-07,573.58,967.0,900.15,1155.72,-393.42,602.16
google_21263646438,2024-09-08,449.94,1070.13,1006.63,1259.7,-620.19,602.16
google_21263646438,2024-09-09,865.43,913.59,856.02,1109.35,-48.15,602.16
google_21263646438,2024-09-10,0.0,1040.41,981.37,1235.33,-1040.41,602.16
google_21263646438,2024-09-11,0.0,1101.82,1042.34,1295.52,-1101.82,602.16
google_21263646438,2024-09-12,140.69,706.86,647.52,900.1,-566.17,602.16
google_21263646438,2024-09-13,0.0,645.22,588.34,843.85,-645.22,602.16
google_21263646438,2024-09-14,0.0,967.0,900.15,1155.72,-967.0,602.16
google_21263646438,2024-09-15,0.0,1070.13,1006.63,1259.7,-1070.13,602.16
google_21263646438,2024-09-16,138.69,913.59,856.02,1109.35,-774.9,602.16
google_21263646438,2024-09-17,0.0,1040.41,981.37,1235.33,-1040.41,602.16
google_21263646438,2024-09-18,0.0,1101.82,1042.34,1295.52,-1101.82,602.16
google_21263646438,2024-09-19,0.0,706.86,647.52,900.1,-706.86,602.16
google_21263646438,2024-09-20,0.0,645.22,588.34,843.85,-645.22,602.16
google_21263646438,2024-09-21,0.0,967.0,900.15,1155.72,-967.0,602.16
google_21263646438,2024-09-22,0.0,1070.13,1006.63,1259.7,-1070.13,602.16
google_21263646438,2024-09-23,0.0,913.59,856.02,1109.35,-913.59,602.16
google_21263646438,2024-09-24,88.29,1040.41,981.37,1235.33,-952.12,602.16
google_21263646438,2024-09-25,20.0,1101.82,1042.34,1295.52,-1081.82,602.16
google_21263646438,2024-09-26,0.0,706.86,647.52,900.1,-706.86,602.16
google_21263646438,2024-09-27,0.0,645.22,588.34,843.85,-645.22,602.16
google_21263646438,2024-09-28,0.0,967.0,900.15,1155.72,-967.0,602.16
google_21263646438,2024-08-30,826.01,645.22,588.34,843.85,180.8,602.16
google_21263646438,2024-08-31,941.23,967.0,900.15,1155.72,-25.77,602.16
google_21263646438,2024-09-01,1944.03,1070.13,1006.63,1259.7,873.91,602.16
google_21263646438,2024-09-02,713.35,913.59,856.02,1109.35,-200.23,602.16
google_21263646438,2024-09-03,649.12,1040.41,981.37,1235.33,-391.29,602.16
google_21263646438,2024-09-04,170.52,1101.82,1042.34,1295.52,-931.31,602.16
google_21263646438,2024-09-05,642.22,706.86,647.52,900.1,-64.64,602.16
google_21263646438,2024-09-06,467.42,645.22,588.34,843.85,-177.79,602.16
google_21263646438,2024-09-07,573.58,967.0,900.15,1155.72,-393.42,602.16
google_21263646438,2024-09-08,449.94,1070.13,1006.63,1259.7,-620.19,602.16
google_21263646438,2024-09-09,865.43,913.59,856.02,1109.35,-48.15,602.16
google_21263646438,2024-09-10,0.0,1040.41,981.37,1235.33,-1040.41,602.16
google_21263646438,2024-09-11,0.0,1101.82,1042.34,1295.52,-1101.82,602.16
google_21263646438,2024-09-12,140.69,706.86,647.52,900.1,-566.17,602.16
google_21263646438,2024-09-13,0.0,645.22,588.34,843.85,-645.22,602.16
google_21263646438,2024-09-14,0.0,967.0,900.15,1155.72,-967.0,602.16
google_21263646438,2024-09-15,0.0,1070.13,1006.63,1259.7,-1070.13,602.16
google_21263646438,2024-09-16,138.69,913.59,856.02,1109.35,-774.9,602.16
google_21263646438,2024-09-17,0.0,1040.41,981.37,1235.33,-1040.41,602.16
google_21263646438,2024-09-18,0.0,1101.82,1042.34,1295.52,-1101.82,602.16
google_21263646438,2024-09-19,0.0,706.86,647.52,900.1,-706.86,602.16
google_21263646438,2024-09-20,0.0,645.22,588.34,843.85,-645.22,602.16
google_21263646438,2024-09-21,0.0,967.0,900.15,1155.72,-967.0,602.16
google_21263646438,2024-09-22,0.0,1070.13,1006.63,1259.7,-1070.13,602.16
google_21263646438,2024-09-23,0.0,913.59,856.02,1109.35,-913.59,602.16
google_21263646438,2024-09-24,88.29,1040.41,981.37,1235.33,-952.12,602.16
google_21263646438,2024-09-25,20.0,1101.82,1042.34,1295.52,-1081.82,602.16
google_21263646438,2024-09-26,0.0,706.86,647.52,900.1,-706.86,602.16
google_21263646438,2024-09-27,0.0,645.22,588.34,843.85,-645.22,602.16
google_21263646438,2024-09-28,0.0,967.0,900.15,1155.72,-967.0,602.16
